Ad Group,Keyword,Campaign,Criterion Type
sofas,sofas buy,SEM_Sofas,Exact
sofas,buy sofas,SEM_Sofas,Exact
sofas,sofas prices,SEM_Sofas,Exact
sofas,prices sofas,SEM_Sofas,Exact
sofas,sofas low cost,SEM_Sofas,Exact
sofas,low cost sofas,SEM_Sofas,Exact
sofas,sofas cheap,SEM_Sofas,Exact
sofas,cheap sofas,SEM_Sofas,Exact
sofas,sofas sale,SEM_Sofas,Exact
sofas,sale sofas,SEM_Sofas,Exact
sofas,sofas discount,SEM_Sofas,Exact
sofas,discount sofas,SEM_Sofas,Exact
sofas,sofas promo,SEM_Sofas,Exact
sofas,promo sofas,SEM_Sofas,Exact
sofas,sofas offer,SEM_Sofas,Exact
sofas,offer sofas,SEM_Sofas,Exact
sofas,sofas budget,SEM_Sofas,Exact
sofas,budget sofas,SEM_Sofas,Exact
convertible sofas,convertible sofas buy,SEM_Sofas,Exact
convertible sofas,buy convertible sofas,SEM_Sofas,Exact
convertible sofas,convertible sofas prices,SEM_Sofas,Exact
convertible sofas,prices convertible sofas,SEM_Sofas,Exact
convertible sofas,convertible sofas low cost,SEM_Sofas,Exact
convertible sofas,low cost convertible sofas,SEM_Sofas,Exact
convertible sofas,convertible sofas cheap,SEM_Sofas,Exact
convertible sofas,cheap convertible sofas,SEM_Sofas,Exact
convertible sofas,convertible sofas sale,SEM_Sofas,Exact
convertible sofas,sale convertible sofas,SEM_Sofas,Exact
convertible sofas,convertible sofas discount,SEM_Sofas,Exact
convertible sofas,discount convertible sofas,SEM_Sofas,Exact
convertible sofas,convertible sofas promo,SEM_Sofas,Exact
convertible sofas,promo convertible sofas,SEM_Sofas,Exact
convertible sofas,convertible sofas offer,SEM_Sofas,Exact
convertible sofas,offer convertible sofas,SEM_Sofas,Exact
convertible sofas,convertible sofas budget,SEM_Sofas,Exact
convertible sofas,budget convertible sofas,SEM_Sofas,Exact
love seats,love seats buy,SEM_Sofas,Exact
love seats,buy love seats,SEM_Sofas,Exact
love seats,love seats prices,SEM_Sofas,Exact
love seats,prices love seats,SEM_Sofas,Exact
love seats,love seats low cost,SEM_Sofas,Exact
love seats,low cost love seats,SEM_Sofas,Exact
love seats,love seats cheap,SEM_Sofas,Exact
love seats,cheap love seats,SEM_Sofas,Exact
love seats,love seats sale,SEM_Sofas,Exact
love seats,sale love seats,SEM_Sofas,Exact
love seats,love seats discount,SEM_Sofas,Exact
love seats,discount love seats,SEM_Sofas,Exact
love seats,love seats promo,SEM_Sofas,Exact
love seats,promo love seats,SEM_Sofas,Exact
love seats,love seats offer,SEM_Sofas,Exact
love seats,offer love seats,SEM_Sofas,Exact
love seats,love seats budget,SEM_Sofas,Exact
love seats,budget love seats,SEM_Sofas,Exact
recliners,recliners buy,SEM_Sofas,Exact
recliners,buy recliners,SEM_Sofas,Exact
recliners,recliners prices,SEM_Sofas,Exact
recliners,prices recliners,SEM_Sofas,Exact
recliners,recliners low cost,SEM_Sofas,Exact
recliners,low cost recliners,SEM_Sofas,Exact
recliners,recliners cheap,SEM_Sofas,Exact
recliners,cheap recliners,SEM_Sofas,Exact
recliners,recliners sale,SEM_Sofas,Exact
recliners,sale recliners,SEM_Sofas,Exact
recliners,recliners discount,SEM_Sofas,Exact
recliners,discount recliners,SEM_Sofas,Exact
recliners,recliners promo,SEM_Sofas,Exact
recliners,promo recliners,SEM_Sofas,Exact
recliners,recliners offer,SEM_Sofas,Exact
recliners,offer recliners,SEM_Sofas,Exact
recliners,recliners budget,SEM_Sofas,Exact
recliners,budget recliners,SEM_Sofas,Exact
sofa beds,sofa beds buy,SEM_Sofas,Exact
sofa beds,buy sofa beds,SEM_Sofas,Exact
sofa beds,sofa beds prices,SEM_Sofas,Exact
sofa beds,prices sofa beds,SEM_Sofas,Exact
sofa beds,sofa beds low cost,SEM_Sofas,Exact
sofa beds,low cost sofa beds,SEM_Sofas,Exact
sofa beds,sofa beds cheap,SEM_Sofas,Exact
sofa beds,cheap sofa beds,SEM_Sofas,Exact
sofa beds,sofa beds sale,SEM_Sofas,Exact
sofa beds,sale sofa beds,SEM_Sofas,Exact
sofa beds,sofa beds discount,SEM_Sofas,Exact
sofa beds,discount sofa beds,SEM_Sofas,Exact
sofa beds,sofa beds promo,SEM_Sofas,Exact
sofa beds,promo sofa beds,SEM_Sofas,Exact
sofa beds,sofa beds offer,SEM_Sofas,Exact
sofa beds,offer sofa beds,SEM_Sofas,Exact
sofa beds,sofa beds budget,SEM_Sofas,Exact
sofa beds,budget sofa beds,SEM_Sofas,Exact
sofas,sofas buy,SEM_Sofas,Phrase
sofas,buy sofas,SEM_Sofas,Phrase
sofas,sofas prices,SEM_Sofas,Phrase
sofas,prices sofas,SEM_Sofas,Phrase
sofas,sofas low cost,SEM_Sofas,Phrase
sofas,low cost sofas,SEM_Sofas,Phrase
sofas,sofas cheap,SEM_Sofas,Phrase
sofas,cheap sofas,SEM_Sofas,Phrase
sofas,sofas sale,SEM_Sofas,Phrase
sofas,sale sofas,SEM_Sofas,Phrase
sofas,sofas discount,SEM_Sofas,Phrase
sofas,discount sofas,SEM_Sofas,Phrase
sofas,sofas promo,SEM_Sofas,Phrase
sofas,promo sofas,SEM_Sofas,Phrase
sofas,sofas offer,SEM_Sofas,Phrase
sofas,offer sofas,SEM_Sofas,Phrase
sofas,sofas budget,SEM_Sofas,Phrase
sofas,budget sofas,SEM_Sofas,Phrase
convertible sofas,convertible sofas buy,SEM_Sofas,Phrase
convertible sofas,buy convertible sofas,SEM_Sofas,Phrase
convertible sofas,convertible sofas prices,SEM_Sofas,Phrase
convertible sofas,prices convertible sofas,SEM_Sofas,Phrase
convertible sofas,convertible sofas low cost,SEM_Sofas,Phrase
convertible sofas,low cost convertible sofas,SEM_Sofas,Phrase
convertible sofas,convertible sofas cheap,SEM_Sofas,Phrase
convertible sofas,cheap convertible sofas,SEM_Sofas,Phrase
convertible sofas,convertible sofas sale,SEM_Sofas,Phrase
convertible sofas,sale convertible sofas,SEM_Sofas,Phrase
convertible sofas,convertible sofas discount,SEM_Sofas,Phrase
convertible sofas,discount convertible sofas,SEM_Sofas,Phrase
convertible sofas,convertible sofas promo,SEM_Sofas,Phrase
convertible sofas,promo convertible sofas,SEM_Sofas,Phrase
convertible sofas,convertible sofas offer,SEM_Sofas,Phrase
convertible sofas,offer convertible sofas,SEM_Sofas,Phrase
convertible sofas,convertible sofas budget,SEM_Sofas,Phrase
convertible sofas,budget convertible sofas,SEM_Sofas,Phrase
love seats,love seats buy,SEM_Sofas,Phrase
love seats,buy love seats,SEM_Sofas,Phrase
love seats,love seats prices,SEM_Sofas,Phrase
love seats,prices love seats,SEM_Sofas,Phrase
love seats,love seats low cost,SEM_Sofas,Phrase
love seats,low cost love seats,SEM_Sofas,Phrase
love seats,love seats cheap,SEM_Sofas,Phrase
love seats,cheap love seats,SEM_Sofas,Phrase
love seats,love seats sale,SEM_Sofas,Phrase
love seats,sale love seats,SEM_Sofas,Phrase
love seats,love seats discount,SEM_Sofas,Phrase
love seats,discount love seats,SEM_Sofas,Phrase
love seats,love seats promo,SEM_Sofas,Phrase
love seats,promo love seats,SEM_Sofas,Phrase
love seats,love seats offer,SEM_Sofas,Phrase
love seats,offer love seats,SEM_Sofas,Phrase
love seats,love seats budget,SEM_Sofas,Phrase
love seats,budget love seats,SEM_Sofas,Phrase
recliners,recliners buy,SEM_Sofas,Phrase
recliners,buy recliners,SEM_Sofas,Phrase
recliners,recliners prices,SEM_Sofas,Phrase
recliners,prices recliners,SEM_Sofas,Phrase
recliners,recliners low cost,SEM_Sofas,Phrase
recliners,low cost recliners,SEM_Sofas,Phrase
recliners,recliners cheap,SEM_Sofas,Phrase
recliners,cheap recliners,SEM_Sofas,Phrase
recliners,recliners sale,SEM_Sofas,Phrase
recliners,sale recliners,SEM_Sofas,Phrase
recliners,recliners discount,SEM_Sofas,Phrase
recliners,discount recliners,SEM_Sofas,Phrase
recliners,recliners promo,SEM_Sofas,Phrase
recliners,promo recliners,SEM_Sofas,Phrase
recliners,recliners offer,SEM_Sofas,Phrase
recliners,offer recliners,SEM_Sofas,Phrase
recliners,recliners budget,SEM_Sofas,Phrase
recliners,budget recliners,SEM_Sofas,Phrase
sofa beds,sofa beds buy,SEM_Sofas,Phrase
sofa beds,buy sofa beds,SEM_Sofas,Phrase
sofa beds,sofa beds prices,SEM_Sofas,Phrase
sofa beds,prices sofa beds,SEM_Sofas,Phrase
sofa beds,sofa beds low cost,SEM_Sofas,Phrase
sofa beds,low cost sofa beds,SEM_Sofas,Phrase
sofa beds,sofa beds cheap,SEM_Sofas,Phrase
sofa beds,cheap sofa beds,SEM_Sofas,Phrase
sofa beds,sofa beds sale,SEM_Sofas,Phrase
sofa beds,sale sofa beds,SEM_Sofas,Phrase
sofa beds,sofa beds discount,SEM_Sofas,Phrase
sofa beds,discount sofa beds,SEM_Sofas,Phrase
sofa beds,sofa beds promo,SEM_Sofas,Phrase
sofa beds,promo sofa beds,SEM_Sofas,Phrase
sofa beds,sofa beds offer,SEM_Sofas,Phrase
sofa beds,offer sofa beds,SEM_Sofas,Phrase
sofa beds,sofa beds budget,SEM_Sofas,Phrase
sofa beds,budget sofa beds,SEM_Sofas,Phrase
